Handle,Title,Variant SKU,Image Src,Image Position,Image Alt Text,Option1 Value
womens-allbirds-flip-flop-dusty-pink,Women's Allbirds Flip Flop - Dusty Pink,A12513W050,https://cdn.shopify.com/s/files/1/1104/4168/files/A12513_26Q2_Allbirds-Flip-Flop-Dusty-Pink_PDP_LEFT.png?v=1774646345,1,,5
womens-allbirds-flip-flop-dusty-pink,,,https://cdn.shopify.com/s/files/1/1104/4168/files/A12513_26Q2_Allbirds-Flip-Flop-Dusty-Pink_PDP_BACK.png?v=1774646345,2,,
womens-allbirds-flip-flop-dusty-pink,,,https://cdn.shopify.com/s/files/1/1104/4168/files/A12513_26Q2_Allbirds-Flip-Flop-Dusty-Pink_PDP_TD.png?v=1774646346,3,,
womens-allbirds-flip-flop-dusty-pink,,,https://cdn.shopify.com/s/files/1/1104/4168/files/A12513_26Q2_Allbirds-Flip-Flop-Dusty-Pink_PDP_SOLE.png?v=1774646346,4,,
womens-allbirds-flip-flop-dusty-pink,,,https://cdn.shopify.com/s/files/1/1104/4168/files/A12513_26Q2_Allbirds-Flip-Flop-Dusty-Pink_PDP_PAIR_3Q.png?v=1774646345,5,,
mens-canvas-runner-nz,Men's Canvas Runner NZ - Deep Navy Stripes (Blizzard Sole),A12498M080,https://cdn.shopify.com/s/files/1/1104/4168/files/A12500_26Q1_Runner-NZ-Canvas-Stripes-Deep-Navy-Blizzard-Sole_PDP_LEFT.png?v=1774550585,1,,8
mens-canvas-runner-nz,,,https://cdn.shopify.com/s/files/1/1104/4168/files/A12500_26Q1_Runner-NZ-Canvas-Stripes-Deep-Navy-Blizzard-Sole_PDP_BACK.png?v=1774550584,2,,
mens-canvas-runner-nz,,,https://cdn.shopify.com/s/files/1/1104/4168/files/A12500_26Q1_Runner-NZ-Canvas-Stripes-Deep-Navy-Blizzard-Sole_PDP_TD.png?v=1774550586,3,,
mens-canvas-runner-nz,,,https://cdn.shopify.com/s/files/1/1104/4168/files/A12500_26Q1_Runner-NZ-Canvas-Stripes-Deep-Navy-Blizzard-Sole_PDP_SOLE.png?v=1774550584,4,,
mens-canvas-runner-nz,,,https://cdn.shopify.com/s/files/1/1104/4168/files/A12500_26Q1_Runner-NZ-Canvas-Stripes-Deep-Navy-Blizzard-Sole_PDP_PAIR_3Q.png?v=1774550585,5,,
womens-canvas-runner-nz,Women's Canvas Runner NZ - Deep Navy Stripes (Blizzard Sole),A12500W050,https://cdn.shopify.com/s/files/1/1104/4168/files/A12500_26Q1_Runner-NZ-Canvas-Stripes-Deep-Navy-Blizzard-Sole_PDP_LEFT_bda73f01-c2a8-43d5-b680-0a4e86b8926f.png?v=1774550676,1,,5
womens-canvas-runner-nz,,,https://cdn.shopify.com/s/files/1/1104/4168/files/A12500_26Q1_Runner-NZ-Canvas-Stripes-Deep-Navy-Blizzard-Sole_PDP_BACK_be217915-f0bb-49d4-bca2-6ac0f2952d79.png?v=1774550675,2,,
womens-canvas-runner-nz,,,https://cdn.shopify.com/s/files/1/1104/4168/files/A12500_26Q1_Runner-NZ-Canvas-Stripes-Deep-Navy-Blizzard-Sole_PDP_TD_04ed436b-bc16-44af-b9a5-e895c22c8d75.png?v=1774550675,3,,
womens-canvas-runner-nz,,,https://cdn.shopify.com/s/files/1/1104/4168/files/A12500_26Q1_Runner-NZ-Canvas-Stripes-Deep-Navy-Blizzard-Sole_PDP_SOLE_f354be9e-16fd-480f-b8dd-d640d4a4140d.png?v=1774550675,4,,
womens-canvas-runner-nz,,,https://cdn.shopify.com/s/files/1/1104/4168/files/A12500_26Q1_Runner-NZ-Canvas-Stripes-Deep-Navy-Blizzard-Sole_PDP_PAIR_3Q_70564a83-ada8-4e2f-9ac1-28055a3a18cd.png?v=1774550675,5,,
mens-cruiser-terry,Men's Cruiser Terry - Warm White (Warm White Sole),A12374M080,https://cdn.shopify.com/s/files/1/1104/4168/files/A12370_26Q1_Cruiser-Terry-Warm-White-Warm-White_PDP_LEFT_f79ee143-f5b7-419a-8cfe-68557b63b868.png?v=1774566144,1,,8
mens-cruiser-terry,,,https://cdn.shopify.com/s/files/1/1104/4168/files/A12370_26Q1_Cruiser-Terry-Warm-White-Warm-White_PDP_BACK_28414623-2d68-4c3d-9106-657e50f22b62.png?v=1774566144,2,,
mens-cruiser-terry,,,https://cdn.shopify.com/s/files/1/1104/4168/files/A12370_26Q1_Cruiser-Terry-Warm-White-Warm-White_PDP_TD_d02b6660-ab3e-4b26-b8ef-bff8ed01ee3d.png?v=1774566144,3,,
mens-cruiser-terry,,,https://cdn.shopify.com/s/files/1/1104/4168/files/A12370_26Q1_Cruiser-Terry-Warm-White-Warm-White_PDP_SOLE_68537ba4-7b5a-486b-827a-1a6aad4afccf.png?v=1774566144,4,,
mens-cruiser-terry,,,https://cdn.shopify.com/s/files/1/1104/4168/files/A12370_26Q1_Cruiser-Terry-Warm-White-Warm-White_PDP_PAIR_3Q_b74787bf-f834-402e-8915-426fea402ac2.png?v=1774566145,5,,
mens-cruiser-slip-on-natural-black,Men's Cruiser Slip On - Natural Black (Blizzard Sole),A12642M080,https://cdn.shopify.com/s/files/1/1104/4168/files/A12649_26Q1_Cruiser-Slip-On-Natural-Black-Blizzard-Sole_PDP_LEFT.png?v=1768947275,1,,8
mens-cruiser-slip-on-natural-black,,,https://cdn.shopify.com/s/files/1/1104/4168/files/A12649_26Q1_Cruiser-Slip-On-Natural-Black-Blizzard-Sole_PDP_BACK.png?v=1768947275,2,,
mens-cruiser-slip-on-natural-black,,,https://cdn.shopify.com/s/files/1/1104/4168/files/A12649_26Q1_Cruiser-Slip-On-Natural-Black-Blizzard-Sole_PDP_TD.png?v=1768947278,3,,
mens-cruiser-slip-on-natural-black,,,https://cdn.shopify.com/s/files/1/1104/4168/files/A12649_26Q1_Cruiser-Slip-On-Natural-Black-Blizzard-Sole_PDP_SOLE.png?v=1768947275,4,,
mens-cruiser-slip-on-natural-black,,,https://cdn.shopify.com/s/files/1/1104/4168/files/A12649_26Q1_Cruiser-Slip-On-Natural-Black-Blizzard-Sole_PDP_PAIR_3Q.png?v=1768947275,5,,
mens-cruiser-canvas-burnt-olive,Men's Canvas Cruiser - Burnt Olive (Natural White Sole),A12486M080,https://cdn.shopify.com/s/files/1/1104/4168/files/A12483_26Q1_Cruiser-Canvas-Burnt-Olive-Natural-White_PDP_LEFT.png?v=1768946185,1,,8
mens-cruiser-canvas-burnt-olive,,,https://cdn.shopify.com/s/files/1/1104/4168/files/A12483_26Q1_Cruiser-Canvas-Burnt-Olive-Natural-White_PDP_BACK.png?v=1768946184,2,,
mens-cruiser-canvas-burnt-olive,,,https://cdn.shopify.com/s/files/1/1104/4168/files/A12483_26Q1_Cruiser-Canvas-Burnt-Olive-Natural-White_PDP_TD.png?v=1768946185,3,,
mens-cruiser-canvas-burnt-olive,,,https://cdn.shopify.com/s/files/1/1104/4168/files/A12483_26Q1_Cruiser-Canvas-Burnt-Olive-Natural-White_PDP_SOLE.png?v=1768946184,4,,
mens-cruiser-canvas-burnt-olive,,,https://cdn.shopify.com/s/files/1/1104/4168/files/A12483_26Q1_Cruiser-Canvas-Burnt-Olive-Natural-White_PDP_PAIR_3Q.png?v=1768946185,5,,
womens-cruiser-canvas-burnt-olive,Women's Cruiser Canvas - Burnt Olive (Natural White Sole),A12483W050,https://cdn.shopify.com/s/files/1/1104/4168/files/A12483_26Q1_Cruiser-Canvas-Burnt-Olive-Natural-White_PDP_LEFT_7e736263-b2a2-486c-badd-47c2b38eb728.png?v=1768946365,1,,5
womens-cruiser-canvas-burnt-olive,,,https://cdn.shopify.com/s/files/1/1104/4168/files/A12483_26Q1_Cruiser-Canvas-Burnt-Olive-Natural-White_PDP_BACK_9ba59f40-b311-4693-98a0-289f9cc3ee96.png?v=1768946365,2,,
womens-cruiser-canvas-burnt-olive,,,https://cdn.shopify.com/s/files/1/1104/4168/files/A12483_26Q1_Cruiser-Canvas-Burnt-Olive-Natural-White_PDP_TD_990e83f2-592f-47ff-ab7a-ea16659acd5d.png?v=1768946366,3,,
womens-cruiser-canvas-burnt-olive,,,https://cdn.shopify.com/s/files/1/1104/4168/files/A12483_26Q1_Cruiser-Canvas-Burnt-Olive-Natural-White_PDP_SOLE_1590cb58-6c3a-42c9-a2e9-a76b9f8621f2.png?v=1768946365,4,,
womens-cruiser-canvas-burnt-olive,,,https://cdn.shopify.com/s/files/1/1104/4168/files/A12483_26Q1_Cruiser-Canvas-Burnt-Olive-Natural-White_PDP_PAIR_3Q_9954a0c9-4363-4d3f-a42d-83400865940c.png?v=1768946366,5,,
womens-cruiser-slip-on,Women's Cruiser Slip On - Mist (Blizzard Sole),A12595W050,https://cdn.shopify.com/s/files/1/1104/4168/files/A12595_26Q1_Cruiser-Slip-On-Mist-Blizzard-Sole_PDP_LEFT_6b7e8e17-a8d0-41f3-9529-98fa14281e87.png?v=1768947439,1,,5
womens-cruiser-slip-on,,,https://cdn.shopify.com/s/files/1/1104/4168/files/A12595_26Q1_Cruiser-Slip-On-Mist-Blizzard-Sole_PDP_BACK_964a1eee-c9a5-41af-9e22-32f61cf316ee.png?v=1768947439,2,,
womens-cruiser-slip-on,,,https://cdn.shopify.com/s/files/1/1104/4168/files/A12595_26Q1_Cruiser-Slip-On-Mist-Blizzard-Sole_PDP_TD_0cafbd6b-5e37-4d69-81e9-46240ac48ac6.png?v=1768947440,3,,
womens-cruiser-slip-on,,,https://cdn.shopify.com/s/files/1/1104/4168/files/A12595_26Q1_Cruiser-Slip-On-Mist-Blizzard-Sole_PDP_SOLE_4f1d85fd-fb48-4d78-b487-80127ca23a41.png?v=1768947439,4,,
womens-cruiser-slip-on,,,https://cdn.shopify.com/s/files/1/1104/4168/files/A12595_26Q1_Cruiser-Slip-On-Mist-Blizzard-Sole_PDP_PAIR_3Q_96536e39-95b8-45cf-8a58-87f13162a31e.png?v=1768947441,5,,
mens-dasher-nz-light-burnt-olive,Men's Dasher NZ - Light Burnt Olive (Natural White Sole),A12520M080,https://cdn.shopify.com/s/files/1/1104/4168/files/A12519_26Q1_Dasher-NZ-Light-Burnt-Olive-Natural-White-Sole_PDP_LEFT.png?v=1768948277,1,,8
mens-dasher-nz-light-burnt-olive,,,https://cdn.shopify.com/s/files/1/1104/4168/files/A12519_26Q1_Dasher-NZ-Light-Burnt-Olive-Natural-White-Sole_PDP_BACK.png?v=1768948277,2,,
mens-dasher-nz-light-burnt-olive,,,https://cdn.shopify.com/s/files/1/1104/4168/files/A12519_26Q1_Dasher-NZ-Light-Burnt-Olive-Natural-White-Sole_PDP_TD.png?v=1768948277,3,,
mens-dasher-nz-light-burnt-olive,,,https://cdn.shopify.com/s/files/1/1104/4168/files/A12519_26Q1_Dasher-NZ-Light-Burnt-Olive-Natural-White-Sole_PDP_SOLE.png?v=1768948277,4,,
mens-dasher-nz-light-burnt-olive,,,https://cdn.shopify.com/s/files/1/1104/4168/files/A12519_26Q1_Dasher-NZ-Light-Burnt-Olive-Natural-White-Sole_PDP_PAIR_3Q.png?v=1768948277,5,,
mens-cruiser-canvas-auburn,Men's Canvas Cruiser - Auburn (Warm White Sole),A12424M080,https://cdn.shopify.com/s/files/1/1104/4168/files/A12438_26Q1_Cruiser-Canvas-Auburn-Warm-White_PDP_LEFT.png?v=1768946113,1,,8
mens-cruiser-canvas-auburn,,,https://cdn.shopify.com/s/files/1/1104/4168/files/A12438_26Q1_Cruiser-Canvas-Auburn-Warm-White_PDP_BACK.png?v=1768946113,2,,
mens-cruiser-canvas-auburn,,,https://cdn.shopify.com/s/files/1/1104/4168/files/A12438_26Q1_Cruiser-Canvas-Auburn-Warm-White_PDP_TD.png?v=1768946113,3,,
mens-cruiser-canvas-auburn,,,https://cdn.shopify.com/s/files/1/1104/4168/files/A12438_26Q1_Cruiser-Canvas-Auburn-Warm-White_PDP_SOLE.png?v=1768946113,4,,
mens-cruiser-canvas-auburn,,,https://cdn.shopify.com/s/files/1/1104/4168/files/A12438_26Q1_Cruiser-Canvas-Auburn-Warm-White_PDP_PAIR_3Q.png?v=1768946114,5,,
